mep,184393,171364,178653,184187,189597,181617,183160,184106,183122,183122,184187,174634,189384,186516,182797,181544,178384,182518
840,1,1,1,1,-1,1,1,1,1,1,1,-1,1,1,1,-1,1,1
1294,1,1,1,1,-1,1,1,1,1,1,1,-1,1,1,1,-1,0,-1
1909,1,1,1,1,-1,1,1,1,1,1,1,-1,1,1,1,-1,0,-1
1917,X,-1,-1,X,1,X,1,1,0,0,X,-1,1,1,-1,1,1,1
1927,1,1,-1,1,X,1,1,1,1,1,1,-1,1,1,1,1,1,1
2152,X,X,1,X,-1,X,1,X,1,1,X,-1,0,1,1,-1,-1,-1
2268,X,X,1,X,X,1,-1,1,1,1,X,-1,X,1,1,-1,-1,-1
2341,1,-1,-1,1,1,-1,1,1,1,1,1,-1,1,1,1,1,1,1
4267,1,1,X,1,-1,1,1,1,1,1,1,-1,1,1,1,-1,X,-1
4289,X,-1,-1,X,1,-1,1,X,0,0,X,-1,1,1,X,1,1,1
4395,-1,-1,X,-1,1,X,1,1,-1,-1,-1,1,1,0,0,1,X,1
4746,-1,-1,-1,-1,1,-1,1,1,-1,-1,-1,1,1,0,0,1,1,1
5392,1,1,X,1,-1,1,1,1,1,1,1,-1,1,1,1,-1,X,-1
5729,1,X,1,1,-1,1,1,1,1,1,1,-1,1,1,1,-1,0,X
5736,0,-1,-1,-1,1,-1,-1,1,-1,-1,-1,1,1,-1,0,1,1,1
124858,X,X,X,X,X,X,X,X,X,X,X,X,X,X,X,X,X,X
257005,X,X,X,X,X,X,X,X,X,X,X,X,X,X,X,X,X,X
257067,X,X,X,X,X,X,X,X,X,X,X,X,X,X,X,X,X,X
22418,X,-1,-1,X,1,1,1,1,1,1,X,-1,1,1,1,1,1,1
22858,1,1,1,1,-1,1,1,1,1,1,1,-1,0,1,1,-1,1,0
23699,1,X,1,0,1,-1,0,1,1,1,0,1,-1,1,X,-1,0,X
23781,1,-1,-1,0,1,X,X,1,X,X,0,-1,1,1,1,1,1,1
23788,-1,X,0,-1,1,-1,1,1,-1,-1,-1,1,1,0,0,1,1,1
23816,X,X,-1,X,X,-1,X,X,X,X,X,1,X,X,0,1,1,1
23868,X,X,1,X,1,0,0,1,1,1,X,1,1,-1,1,1,-1,0
24922,1,0,-1,1,-1,1,1,1,1,1,1,-1,1,1,1,0,1,X
24942,1,1,1,1,X,1,1,1,1,1,1,-1,X,X,1,-1,1,-1
25758,1,1,1,1,1,0,-1,1,1,1,1,0,-1,1,1,-1,-1,0
28122,1,1,-1,1,1,0,1,1,1,1,1,-1,1,1,1,1,1,X
28150,0,X,-1,1,1,-1,-1,1,-1,-1,1,1,1,X,X,1,1,1
28219,1,-1,-1,-1,,-1,1,X,1,1,-1,-1,,,1,1,1,1
28223,1,0,-1,1,1,-1,1,1,1,1,1,-1,1,1,1,1,1,1
28226,1,X,-1,1,1,-1,1,1,1,1,1,-1,1,1,1,1,1,1
28229,X,X,-1,X,1,1,1,1,1,1,X,-1,1,1,1,1,1,1
28298,1,X,1,1,-1,1,1,1,1,1,1,-1,1,1,1,-1,0,-1
28307,1,1,1,1,-1,X,1,1,1,1,1,-1,X,1,1,X,0,-1
28347,1,1,1,1,X,1,1,1,1,1,1,-1,X,1,1,-1,0,-1
28390,X,X,-1,X,1,1,1,1,1,1,X,-1,1,1,1,1,1,1
28399,1,-1,-1,-1,1,1,1,1,1,1,-1,-1,1,1,1,1,1,1
28400,1,-1,-1,-1,1,1,1,1,1,1,-1,-1,1,1,1,1,1,1
28419,1,1,1,1,-1,1,1,1,1,1,1,-1,1,1,1,-1,0,-1
28615,0,X,-1,-1,1,X,1,1,-1,-1,-1,-1,1,0,0,1,1,1
28617,1,X,-1,-1,1,1,1,1,1,1,-1,-1,1,1,1,1,1,1
30123,-1,-1,-1,-1,1,-1,-1,0,-1,-1,-1,1,1,-1,-1,1,1,1
30482,1,1,1,1,X,X,X,1,X,X,1,-1,X,1,1,X,-1,-1
33998,1,1,1,1,0,1,1,1,1,1,1,-1,1,1,1,-1,0,1
34232,1,X,1,1,-1,1,1,1,1,1,1,-1,1,1,1,-1,0,-1
36392,-1,X,X,-1,1,X,X,1,X,X,-1,1,1,-1,0,X,X,1
37312,1,1,1,1,1,1,1,1,1,1,1,-1,1,1,1,-1,1,1
37324,1,X,-1,1,1,1,1,1,1,1,1,-1,1,1,1,1,1,1
38511,X,-1,1,X,1,-1,-1,-1,-1,-1,X,1,1,-1,0,-1,1,1
38542,1,1,1,1,0,1,1,1,1,1,1,-1,1,1,1,-1,0,-1
39725,1,-1,-1,1,1,-1,1,1,1,1,1,-1,X,1,1,1,1,1
40224,1,1,1,1,X,1,1,1,1,1,1,-1,1,1,1,-1,X,1
40599,1,X,0,1,-1,1,1,1,1,1,1,-1,1,1,1,-1,1,-1
58766,X,X,X,X,-1,1,1,X,1,1,X,-1,1,1,1,-1,1,-1
72779,-1,-1,-1,1,1,-1,1,1,0,0,1,-1,1,1,1,1,1,1
86057,1,-1,-1,1,1,-1,1,1,1,1,1,-1,1,1,1,1,1,1
86793,1,1,1,1,-1,1,1,1,1,1,1,-1,1,1,1,-1,1,-1
88552,0,X,-1,-1,1,-1,-1,1,-1,-1,-1,1,1,X,0,1,1,1
88882,1,X,1,1,X,1,1,1,1,1,1,-1,1,1,1,-1,0,1
91636,1,1,1,1,-1,1,1,1,1,1,1,-1,1,1,1,-1,1,-1
94649,0,-1,-1,-1,1,-1,X,X,X,X,-1,1,1,-1,0,1,1,1
95074,1,1,-1,1,1,1,1,1,1,1,1,-1,1,1,1,1,1,1
96653,1,1,1,-1,1,0,1,1,1,1,-1,1,1,-1,1,1,-1,0
96668,1,-1,-1,1,1,1,1,1,1,1,1,-1,1,1,1,1,1,1
96675,1,X,1,1,-1,1,1,1,1,1,1,-1,1,1,1,-1,1,-1
96681,1,1,1,1,-1,1,X,1,X,X,1,-1,1,1,1,-1,0,-1
96697,1,X,X,0,X,-1,1,1,X,X,0,1,X,1,X,1,X,1
96709,0,X,-1,-1,1,0,1,1,-1,-1,-1,-1,1,1,-1,1,1,1
96711,X,1,1,X,-1,1,1,1,1,1,X,-1,0,1,1,-1,1,0
96725,1,1,1,1,-1,1,1,1,1,1,1,-1,1,1,1,-1,1,-1
96752,X,1,1,X,-1,1,1,1,1,1,X,-1,1,1,1,-1,1,-1
96756,X,-1,-1,X,1,1,1,1,1,1,X,X,1,1,1,1,1,1
96761,1,-1,-1,1,1,-1,1,1,1,1,1,-1,1,1,X,X,1,X
96780,X,-1,-1,X,1,-1,1,1,0,0,X,-1,1,1,1,1,1,1
96787,1,-1,-1,1,1,1,1,1,1,1,1,-1,1,1,1,1,1,1
96791,1,1,-1,1,1,1,1,1,1,1,1,-1,1,1,1,1,1,1
96808,1,-1,-1,-1,1,1,1,1,1,1,-1,-1,1,1,1,1,1,1
96810,-1,-1,-1,-1,1,-1,X,1,X,X,-1,1,1,0,0,1,1,1
96811,1,-1,-1,-1,1,1,1,1,1,1,-1,-1,1,1,1,1,1,1
96812,1,1,1,1,-1,1,1,1,X,X,1,-1,1,1,1,-1,0,-1
96826,X,X,-1,X,1,-1,-1,X,-1,-1,X,1,1,X,0,1,1,1
96830,0,X,-1,1,1,-1,-1,1,-1,-1,1,1,1,-1,0,1,1,1
96833,X,1,1,X,-1,1,1,1,1,1,X,-1,1,1,1,-1,-1,-1
96932,1,1,1,X,-1,1,1,1,1,1,X,-1,0,1,1,-1,-1,-1
96933,1,-1,-1,-1,1,0,1,1,1,1,-1,1,1,1,1,1,1,1
96934,1,X,-1,1,1,1,1,1,1,1,1,-1,1,1,1,1,1,-1
96936,1,-1,-1,-1,1,1,1,1,1,1,-1,-1,1,1,1,1,1,1
96940,1,0,-1,1,-1,1,1,1,1,1,1,-1,1,1,1,-1,1,-1
96998,1,1,1,1,-1,1,1,1,1,1,1,-1,1,1,1,-1,-1,-1
97236,1,1,1,1,-1,1,0,1,1,1,1,-1,-1,1,1,-1,-1,-1
97399,1,1,-1,1,1,1,1,1,1,1,1,-1,1,1,1,1,1,1
97968,1,1,-1,0,1,1,1,1,1,1,0,-1,1,1,1,1,1,1
98219,X,-1,-1,X,1,1,1,1,-1,-1,X,-1,1,1,-1,1,1,1
98341,X,1,-1,X,1,X,X,X,X,X,X,-1,1,X,X,X,1,X
98582,X,-1,-1,X,1,-1,1,X,1,1,X,-1,1,1,1,1,1,1
99878,-1,1,1,-1,X,-1,1,X,-1,-1,-1,1,X,0,0,1,1,1
99945,1,-1,-1,1,1,X,1,1,1,1,1,-1,1,1,1,1,1,1
101039,-1,-1,0,-1,1,-1,0,1,-1,-1,-1,1,1,-1,0,1,0,1
101585,1,1,1,1,1,X,X,1,X,X,1,-1,1,1,X,X,1,X
103246,-1,-1,-1,-1,1,-1,-1,-1,-1,-1,-1,1,1,-1,-1,1,1,1
103381,1,1,1,1,-1,1,1,1,X,X,1,-1,1,1,1,-1,1,-1
106936,1,1,1,1,-1,1,1,1,1,1,1,-1,1,1,1,-1,1,-1
107212,1,-1,-1,0,1,1,1,1,1,1,0,-1,1,1,1,1,1,1
110673,1,X,-1,0,1,1,1,1,1,1,0,-1,1,1,X,1,1,X
111412,1,1,1,1,-1,X,1,1,1,1,1,-1,1,1,1,-1,1,-1
112744,1,1,1,1,X,1,1,1,1,1,1,-1,X,1,1,-1,0,-1
112747,1,1,1,1,X,1,1,1,1,1,1,-1,X,1,1,-1,0,-1
112748,1,1,1,1,-1,1,1,1,1,1,1,-1,1,X,1,-1,0,-1
113523,1,X,-1,1,1,X,X,1,X,X,1,-1,1,1,1,1,1,1
118859,X,X,X,X,X,X,X,X,X,X,X,X,X,X,X,X,X,X
118949,,X,,,,,,,,,,1,,,,,,
119435,1,1,-1,1,1,X,1,1,1,1,1,-1,1,1,1,1,1,1
119652,1,1,1,1,-1,1,1,1,1,1,1,-1,1,1,1,-1,0,-1
122978,1,X,1,1,X,1,1,1,1,1,1,-1,X,X,1,-1,0,-1
123562,-1,-1,1,-1,1,-1,-1,-1,-1,-1,-1,1,1,-1,-1,1,0,1
124691,1,1,1,1,X,1,1,1,1,1,1,-1,X,1,1,-1,0,-1
124700,1,1,X,1,-1,1,1,1,1,1,1,-1,1,X,1,-1,X,1
124701,1,-1,-1,0,1,1,1,1,1,1,0,-1,1,1,1,0,1,1
124713,X,-1,-1,X,1,1,1,X,-1,-1,X,-1,1,1,1,1,1,1
124715,X,-1,-1,1,1,X,-1,1,-1,-1,1,X,1,-1,0,X,1,1
124722,X,X,1,X,X,1,1,1,1,1,X,-1,X,1,1,-1,-1,-1
124726,,,,,,,,,,,,,,,,,,
124736,1,1,1,1,-1,1,-1,1,1,1,1,-1,-1,1,1,-1,1,-1
124760,-1,-1,-1,-1,1,-1,-1,0,-1,-1,-1,1,1,-1,0,1,1,1
124766,1,1,-1,1,0,1,1,1,1,1,1,-1,1,1,1,-1,1,1
124784,X,X,1,X,-1,1,1,X,1,1,X,-1,1,X,X,-1,0,1
124785,1,1,0,1,X,1,1,1,1,1,1,-1,1,1,1,-1,0,1
124795,1,X,-1,-1,1,1,1,1,1,1,-1,-1,1,1,1,1,1,1
124799,1,1,1,1,-1,1,1,1,1,1,1,X,1,1,1,-1,0,-1
124802,1,X,-1,0,1,1,1,1,1,1,0,-1,1,1,1,1,1,1
124806,1,X,-1,1,1,X,1,1,X,X,1,-1,1,1,1,1,1,1
124807,1,-1,-1,1,1,-1,1,1,X,X,1,-1,1,1,1,1,1,1
124808,1,-1,X,1,1,-1,1,1,-1,-1,1,-1,1,1,1,1,X,1
124813,X,1,1,X,-1,1,-1,X,X,X,X,-1,1,1,1,-1,-1,-1
124828,X,X,-1,X,1,X,1,X,1,1,X,X,1,1,1,X,1,1
124834,1,1,1,1,1,0,0,1,1,1,1,X,-1,1,1,-1,-1,0
124836,1,1,1,1,-1,1,1,1,1,1,1,-1,1,1,1,-1,0,-1
124846,X,1,1,X,-1,1,1,1,1,1,X,-1,1,1,1,-1,0,-1
124850,1,X,-1,0,1,0,1,1,0,0,0,X,1,1,1,1,1,1
124861,X,-1,-1,X,1,1,1,1,1,1,X,-1,1,1,1,1,1,1
124866,1,1,-1,1,0,1,1,1,1,1,1,-1,1,1,1,-1,1,1
124867,1,X,1,1,X,1,1,1,1,1,1,-1,X,1,1,-1,0,-1
124875,-1,-1,-1,1,1,-1,-1,-1,-1,-1,1,1,1,-1,1,1,0,1
124877,-1,1,0,-1,1,-1,1,1,-1,-1,-1,0,1,0,0,1,1,1
124884,-1,1,0,-1,1,-1,1,1,-1,-1,-1,1,1,0,0,1,1,1
124893,1,-1,-1,1,1,0,1,1,1,1,1,-1,1,1,1,1,1,1
124895,1,X,-1,1,1,1,1,1,1,1,1,-1,1,1,1,1,1,1
124973,X,X,-1,X,1,-1,X,X,X,X,X,1,1,-1,X,1,1,1
124984,1,1,X,1,X,1,-1,1,1,1,1,-1,X,1,1,-1,X,-1
124985,1,1,1,1,X,1,X,1,X,X,1,-1,X,1,1,-1,-1,-1
125001,-1,-1,1,-1,1,-1,-1,-1,-1,-1,-1,1,1,-1,0,-1,1,1
125012,1,1,-1,0,1,1,1,1,1,1,0,-1,1,1,1,1,1,1
125023,1,1,X,1,-1,X,X,1,X,X,1,X,1,1,X,X,X,X
125027,1,X,-1,-1,1,1,1,1,1,1,-1,-1,1,X,1,1,1,1
125042,X,1,1,X,-1,1,X,X,X,X,X,-1,1,1,1,-1,0,-1
125046,1,1,1,1,-1,1,1,1,1,1,1,-1,1,1,1,-1,0,-1
125052,-1,-1,-1,-1,1,-1,-1,1,-1,-1,-1,1,1,-1,-1,1,0,1
125065,1,X,-1,1,1,1,1,1,1,1,1,-1,1,X,1,1,1,1
125068,1,1,-1,1,1,X,1,1,1,1,1,-1,1,1,1,X,1,-1
125093,-1,-1,X,-1,X,-1,-1,1,-1,-1,-1,-1,X,-1,-1,X,X,-1
125104,-1,-1,0,-1,1,1,1,1,1,1,-1,1,1,1,1,1,1,1
125106,X,X,X,X,X,-1,0,X,-1,-1,X,0,X,0,X,X,X,X
125204,1,-1,-1,-1,1,1,1,1,1,1,-1,-1,1,1,1,1,1,1
125325,0,1,-1,0,1,X,1,1,-1,-1,0,0,1,1,-1,X,1,1
125670,1,-1,-1,-1,1,-1,1,1,1,1,-1,-1,1,1,1,1,1,1
126699,0,-1,-1,-1,1,-1,-1,1,-1,-1,-1,1,1,-1,0,1,1,1
127766,1,1,1,1,-1,1,-1,1,1,1,1,-1,-1,1,1,-1,-1,-1
128483,-1,-1,-1,-1,1,-1,-1,-1,-1,-1,-1,1,1,-1,0,1,-1,1
129073,1,1,-1,1,1,1,1,0,0,0,1,-1,1,1,1,-1,1,1
130100,1,-1,-1,-1,0,1,1,1,1,1,-1,-1,1,1,1,-1,1,1
130881,-1,X,X,-1,1,X,-1,-1,-1,-1,-1,X,1,-1,-1,1,X,1
131580,X,-1,-1,X,1,-1,-1,1,-1,-1,X,1,1,X,0,1,1,1
135511,1,X,1,1,-1,1,1,1,1,1,1,-1,1,1,1,-1,1,1
183916,1,1,1,1,-1,1,1,1,1,1,1,-1,1,1,1,-1,1,-1
185341,1,-1,-1,-1,1,1,1,1,1,1,-1,-1,1,1,1,1,1,1
185619,X,1,X,X,X,1,1,X,1,1,X,-1,X,1,X,-1,0,-1
185771,-1,1,-1,-1,1,-1,-1,1,-1,-1,-1,1,1,-1,0,1,1,1
187917,1,1,1,1,-1,1,-1,1,1,1,1,-1,-1,1,1,-1,-1,-1
188096,1,-1,-1,1,1,1,1,1,1,1,1,-1,1,1,1,1,1,1
188945,1,1,X,1,1,1,1,1,1,1,1,-1,1,1,1,1,1,1
189065,X,-1,-1,X,1,-1,-1,X,-1,-1,X,1,1,X,0,1,-1,1
190464,1,1,1,1,-1,1,1,1,1,1,1,-1,1,1,1,-1,1,-1
190517,1,1,1,1,-1,1,-1,1,1,1,1,-1,-1,1,1,-1,-1,-1
190574,-1,-1,-1,-1,1,-1,-1,-1,-1,-1,-1,1,1,-1,0,X,-1,1
190713,X,-1,-1,X,1,1,1,X,-1,-1,X,-1,1,1,1,1,1,1
191693,1,0,-1,1,0,1,1,1,0,0,1,-1,1,1,1,-1,1,1
192254,-1,-1,-1,-1,1,-1,-1,-1,-1,-1,-1,1,1,-1,-1,1,1,1
193292,1,1,1,1,-1,1,1,1,1,1,1,-1,-1,1,1,-1,0,-1
193419,,,,,,,,,,,,,,,,,,
197391,1,1,1,1,0,1,1,1,1,1,1,-1,1,X,1,-1,0,-1
197392,1,1,1,1,0,1,1,1,1,1,1,-1,1,1,1,-1,0,-1
197395,1,1,1,1,-1,1,1,1,1,1,1,-1,1,1,1,-1,1,-1
197398,1,1,1,1,-1,1,X,1,X,X,1,-1,1,1,1,-1,1,-1
197400,X,-1,-1,X,X,1,1,-1,-1,-1,X,-1,X,1,1,-1,1,1
197401,-1,-1,-1,0,0,1,1,-1,-1,-1,0,-1,1,1,1,-1,1,1
197402,-1,-1,-1,0,1,1,1,1,-1,-1,0,-1,1,1,-1,1,1,1
197403,1,1,1,1,1,1,1,1,1,1,1,-1,1,1,1,-1,0,1
197404,-1,-1,-1,0,1,1,1,1,-1,-1,0,-1,1,1,-1,1,1,1
197405,-1,-1,-1,0,X,1,1,1,-1,-1,0,-1,X,1,-1,1,1,1
197406,X,-1,-1,X,1,1,1,1,-1,-1,X,X,1,1,-1,1,1,1
197408,1,1,-1,1,1,-1,1,1,1,1,1,-1,1,1,1,1,1,1
197410,X,-1,-1,X,1,-1,1,1,1,1,X,-1,1,X,1,1,1,1
197412,1,0,-1,-1,1,-1,1,1,1,1,-1,-1,1,1,1,1,1,1
197413,1,X,-1,1,1,X,1,1,1,1,1,-1,1,1,1,1,1,1
197414,X,X,-1,X,1,1,1,1,1,1,X,-1,1,X,1,1,1,1
197416,1,1,1,1,-1,1,-1,1,1,1,1,-1,-1,1,1,-1,-1,-1
197417,1,X,-1,X,1,-1,1,1,1,1,X,-1,1,1,1,1,1,1
197421,1,1,-1,1,-1,1,1,1,1,1,1,-1,1,1,1,-1,1,1
197422,1,-1,X,1,1,-1,1,1,X,X,1,-1,1,1,1,1,X,1
197425,1,X,-1,1,1,-1,1,1,1,1,1,-1,1,1,1,1,1,1
197426,1,-1,-1,1,1,X,1,1,1,1,1,-1,1,1,1,1,1,1
197429,1,-1,-1,1,1,-1,1,1,1,1,1,-1,1,1,1,1,1,1
197430,-1,-1,-1,-1,X,-1,X,-1,-1,-1,-1,-1,X,1,-1,1,1,1
197432,0,-1,-1,-1,-1,1,1,1,-1,-1,-1,-1,1,1,-1,-1,1,1
197433,1,X,1,1,-1,1,1,1,1,1,1,-1,X,1,1,-1,0,-1
197435,1,1,1,1,X,1,1,1,1,1,1,-1,X,1,1,-1,0,-1
197439,1,1,1,1,-1,1,1,1,1,1,1,-1,1,1,1,-1,1,-1
197440,1,X,X,1,-1,1,1,1,1,1,1,-1,X,1,1,-1,X,-1
197441,,,,,,,,,,,,,,,,,,
197443,X,-1,-1,X,-1,1,1,1,-1,-1,X,-1,1,1,-1,-1,1,1
197444,0,X,-1,-1,-1,1,1,1,-1,-1,-1,-1,1,1,-1,-1,1,1
197445,0,-1,-1,-1,-1,1,1,1,-1,-1,-1,-1,1,1,-1,-1,1,1
197447,1,1,1,1,-1,1,1,1,1,1,1,-1,1,1,1,-1,1,1
197448,1,1,1,1,-1,1,1,1,1,1,1,-1,1,1,1,-1,1,-1
197449,1,1,1,1,-1,1,1,1,1,1,1,-1,1,1,1,-1,1,-1
197460,X,1,X,X,-1,1,1,1,1,1,X,X,1,X,1,-1,1,-1
197461,1,1,1,1,-1,1,1,1,1,1,1,-1,1,1,1,-1,1,-1
197462,1,1,1,1,-1,1,1,1,1,1,1,-1,1,1,X,-1,1,X
197463,1,0,-1,-1,-1,1,1,1,1,1,-1,-1,1,1,1,-1,1,1
197464,1,1,1,1,-1,1,1,1,1,1,1,-1,1,1,1,-1,1,-1
197466,1,1,X,1,-1,1,1,1,1,1,1,-1,1,1,1,-1,X,-1
197468,1,1,1,1,-1,1,-1,1,1,1,1,-1,-1,1,1,-1,-1,-1
197469,-1,-1,-1,-1,X,-1,X,1,X,X,-1,0,1,X,0,1,1,1
197470,1,X,1,1,-1,1,1,1,1,1,1,-1,-1,1,1,-1,0,-1
197473,X,-1,-1,X,1,-1,1,1,1,1,X,-1,1,1,1,1,1,1
197475,-1,-1,-1,-1,1,-1,-1,-1,-1,-1,-1,1,1,-1,0,1,-1,1
197481,,-1,,,,,,,,,,,,,,,,
197490,1,-1,-1,1,1,1,1,1,1,1,1,-1,1,1,1,1,1,1
197491,1,X,1,1,-1,1,1,1,1,1,1,-1,1,1,1,-1,0,-1
197492,1,-1,-1,1,1,1,1,1,1,1,1,-1,1,1,1,1,1,1
197493,0,-1,-1,-1,1,-1,-1,-1,1,1,-1,1,1,-1,0,1,1,1
197494,1,X,X,1,0,1,X,1,X,X,1,-1,0,X,1,-1,X,1
197497,1,1,1,1,-1,1,1,1,1,1,1,-1,1,1,1,-1,0,-1
197498,1,1,1,1,-1,1,1,1,1,1,1,-1,1,1,1,-1,0,-1
197500,1,1,1,1,-1,1,0,1,1,1,1,-1,-1,1,1,-1,X,-1
197501,-1,1,-1,-1,1,-1,1,1,-1,-1,-1,1,1,0,0,1,1,1
197502,,1,1,,,,,,,,,-1,,,,,1,
197503,1,1,1,1,-1,1,0,1,1,1,1,-1,-1,1,1,-1,-1,-1
197504,1,,,1,-1,X,1,1,1,1,1,,0,1,1,X,,1
197514,X,X,-1,X,1,1,1,1,1,1,X,-1,1,1,1,1,1,1
197516,X,1,0,X,1,-1,1,1,-1,-1,X,1,1,0,0,1,1,1
197517,1,X,-1,1,1,X,1,1,1,1,1,-1,1,X,1,X,1,1
197523,1,-1,-1,1,1,1,1,1,1,1,1,-1,1,1,1,1,1,1
197525,1,-1,-1,1,1,1,1,1,1,1,1,-1,1,1,1,1,1,1
197528,-1,-1,X,-1,1,0,1,1,-1,-1,-1,1,1,0,0,1,X,1
197529,1,1,1,1,-1,1,-1,1,1,1,1,-1,-1,1,1,-1,-1,-1
197533,1,1,1,1,-1,1,-1,1,1,1,1,-1,-1,1,1,-1,-1,-1
197534,1,X,-1,0,1,-1,1,1,0,0,0,-1,1,1,1,1,1,1
197537,-1,-1,-1,-1,1,-1,1,-1,-1,-1,-1,1,1,0,-1,1,1,1
197543,1,1,1,1,X,1,1,1,1,1,1,-1,X,1,1,-1,1,0
197545,-1,1,0,-1,1,-1,1,1,-1,-1,-1,1,1,0,0,1,1,1
197549,1,1,1,1,-1,1,1,1,1,1,1,-1,1,1,1,0,1,-1
197552,-1,-1,-1,-1,1,-1,-1,-1,-1,-1,-1,1,1,0,-1,1,1,1
197553,-1,1,0,-1,1,-1,1,1,-1,-1,-1,1,1,0,0,1,1,1
197556,-1,0,-1,0,1,-1,-1,-1,-1,-1,0,1,1,-1,0,0,-1,1
197557,1,1,1,1,-1,1,1,1,1,1,1,-1,0,X,1,-1,1,0
197558,0,X,-1,-1,1,0,1,1,-1,-1,-1,-1,1,1,X,1,1,1
197572,-1,0,0,-1,1,-1,1,1,-1,-1,-1,1,1,0,0,1,1,1
197573,1,1,1,1,-1,1,1,1,1,1,1,-1,1,1,1,-1,1,-1
197574,X,1,1,X,-1,1,-1,1,1,1,X,-1,-1,X,1,-1,-1,-1
197577,1,1,1,1,0,1,1,1,1,1,1,-1,0,1,1,-1,1,1
197578,-1,X,0,-1,X,X,0,1,-1,-1,-1,1,X,-1,0,X,0,1
197579,X,X,1,X,X,1,1,1,1,1,X,-1,X,1,1,-1,-1,-1
197580,-1,-1,0,-1,1,-1,0,1,-1,-1,-1,1,1,-1,0,1,0,1
197581,1,1,1,X,0,1,1,1,1,1,X,X,0,1,1,-1,1,1
197589,1,X,1,1,-1,1,1,1,1,1,1,-1,0,1,1,-1,1,1
197591,1,1,1,1,-1,1,1,1,1,1,1,-1,1,1,1,-1,0,-1
197606,1,-1,-1,-1,1,1,1,1,1,1,-1,-1,1,1,1,X,1,1
197607,-1,-1,-1,X,1,-1,1,1,-1,-1,X,1,1,0,0,1,1,1
197618,X,1,1,X,-1,1,1,1,1,1,X,-1,1,1,1,-1,0,-1
197621,1,-1,-1,-1,1,1,1,1,1,1,-1,-1,1,1,1,1,1,1
197623,0,-1,-1,-1,1,-1,-1,1,-1,-1,-1,1,1,X,0,1,1,1
197624,X,X,-1,X,1,1,1,X,1,1,X,-1,1,1,-1,-1,1,1
197627,0,-1,-1,-1,1,-1,-1,1,-1,-1,-1,1,1,-1,X,1,1,1
197628,X,X,-1,X,1,-1,-1,1,-1,-1,X,1,1,-1,0,1,1,1
197636,X,-1,-1,X,1,1,1,X,1,1,X,-1,1,1,X,1,1,1
197646,1,-1,-1,1,X,1,1,1,1,1,1,-1,1,1,1,1,1,1
197647,1,-1,-1,1,1,1,1,1,1,1,1,-1,1,1,1,1,1,1
197648,X,-1,-1,X,1,1,1,1,-1,-1,X,-1,1,1,1,1,1,1
197649,1,1,-1,1,1,1,1,1,1,1,1,-1,1,1,X,1,1,1
197652,X,-1,-1,X,1,-1,1,1,1,1,X,-1,1,1,1,1,1,1
197653,1,1,1,1,X,X,1,1,1,1,1,-1,1,1,1,X,0,1
197655,-1,X,1,-1,1,-1,1,1,0,0,-1,1,X,0,0,1,1,1
197658,X,1,1,X,X,1,1,1,1,1,X,X,1,1,X,-1,0,1
197662,1,X,-1,1,1,1,1,1,1,1,1,-1,1,1,1,1,1,1
197670,1,1,1,1,-1,1,1,1,1,1,1,-1,1,1,1,-1,0,-1
197672,1,1,-1,1,1,X,1,1,1,1,1,-1,1,1,1,-1,1,X
197677,1,1,1,1,-1,1,1,1,1,1,1,-1,1,1,1,-1,0,-1
197679,1,-1,-1,-1,1,1,1,1,1,1,-1,-1,1,1,1,1,1,1
197682,1,1,1,1,-1,1,1,1,1,1,1,-1,1,1,X,-1,0,-1
197684,X,1,X,X,X,X,X,X,X,X,X,-1,X,X,1,X,X,-1
197687,0,-1,-1,-1,1,-1,-1,1,-1,-1,-1,X,1,-1,0,1,1,1
197690,0,-1,-1,-1,1,-1,-1,1,-1,-1,-1,1,1,-1,0,1,1,1
197691,0,-1,-1,-1,1,-1,-1,1,-1,-1,-1,X,1,-1,0,1,1,1
197694,1,1,X,1,X,1,1,1,1,1,1,-1,X,1,1,-1,X,-1
197697,1,1,1,1,X,1,1,1,1,1,1,-1,X,1,1,-1,-1,-1
197699,1,X,1,1,-1,1,0,1,1,1,1,-1,0,1,1,-1,1,-1
197701,1,X,1,1,-1,1,0,1,1,1,1,-1,0,1,1,-1,-1,-1
197702,1,1,1,1,-1,1,1,1,1,1,1,-1,1,X,1,-1,-1,-1
197711,1,-1,-1,-1,1,X,1,1,1,1,-1,-1,1,1,1,1,1,1
197718,1,X,1,1,-1,1,1,1,1,1,1,-1,1,X,1,-1,0,-1
197719,1,1,1,1,-1,1,1,1,1,1,1,-1,X,X,1,-1,0,-1
197721,1,1,1,1,-1,X,1,1,1,1,1,-1,1,1,1,X,0,-1
197722,1,1,1,1,-1,1,1,1,1,1,1,-1,1,1,1,-1,0,-1
197734,-1,X,-1,-1,-1,-1,-1,1,-1,-1,-1,-1,-1,-1,-1,-1,-1,-1
197738,1,1,-1,1,1,1,1,1,1,1,1,-1,1,1,1,1,1,1
197763,-1,-1,-1,-1,1,-1,-1,-1,-1,-1,-1,1,1,-1,0,1,-1,1
197769,1,1,-1,1,0,X,1,1,1,1,1,-1,1,1,1,X,1,1
197770,X,1,-1,X,0,1,1,X,1,1,X,-1,1,1,1,-1,1,1
197772,X,1,1,X,-1,1,1,X,1,1,X,-1,1,1,1,-1,1,-1
197773,-1,-1,-1,-1,1,-1,0,-1,-1,-1,-1,1,1,0,-1,1,1,1
197778,1,1,-1,1,,1,1,1,1,1,1,-1,,,1,1,1,1
197780,0,-1,-1,-1,1,0,1,1,-1,-1,-1,-1,1,1,0,-1,1,1
197781,0,-1,-1,-1,0,0,1,1,0,0,-1,-1,1,1,0,-1,1,1
197782,1,1,1,1,-1,1,1,1,X,X,1,-1,1,1,X,-1,0,-1
197784,1,-1,-1,-1,1,1,1,1,1,1,-1,-1,1,1,1,1,1,1
197786,-1,-1,0,-1,1,-1,0,1,-1,-1,-1,1,1,-1,0,1,0,1
197794,-1,-1,-1,-1,1,-1,1,1,-1,-1,-1,1,1,0,0,1,1,1
197795,1,1,1,1,-1,X,-1,1,1,1,1,-1,1,1,1,-1,-1,-1
197800,1,1,1,1,-1,X,1,1,1,1,1,-1,1,1,1,X,0,-1
197802,X,X,1,X,X,1,1,X,1,1,X,-1,X,1,1,-1,1,-1
197810,1,1,1,1,1,1,1,1,1,1,1,-1,1,1,1,-1,0,-1
197818,1,-1,X,1,-1,1,1,1,1,1,1,-1,1,1,1,-1,X,1
197820,X,X,-1,X,1,-1,1,1,-1,-1,X,1,1,0,0,1,1,1
197824,X,X,-1,X,1,-1,1,1,-1,-1,X,1,1,-1,0,1,1,1
197825,-1,-1,0,-1,1,-1,0,1,-1,-1,-1,1,1,-1,0,1,0,1
197829,-1,-1,-1,-1,1,-1,-1,1,-1,-1,-1,1,1,-1,-1,1,0,1
197831,-1,X,-1,-1,1,-1,-1,1,-1,-1,-1,1,1,X,X,1,0,X
197832,1,X,X,1,-1,1,1,1,1,1,1,-1,1,1,1,-1,X,-1
197839,X,X,-1,X,1,0,1,1,0,0,X,-1,1,1,1,1,1,1
197840,X,X,-1,X,1,1,1,X,X,X,X,-1,1,1,1,1,1,1
197841,1,1,-1,1,1,0,1,1,1,1,1,-1,1,1,1,1,1,1
197842,1,X,1,1,1,1,1,1,1,1,1,1,1,1,X,1,1,1
197843,,,,,,,,,,,,,,,,,,
197845,1,X,X,1,X,1,1,1,1,1,1,-1,X,1,1,-1,X,-1
197863,1,1,X,1,-1,1,1,1,1,1,1,-1,1,X,1,1,X,1
197870,1,1,1,1,-1,1,1,1,1,1,1,-1,1,1,1,-1,1,-1
198073,1,0,-1,1,-1,1,1,1,1,1,1,-1,1,1,X,-1,1,X
198076,1,1,X,1,-1,1,1,1,1,1,1,-1,1,1,1,-1,X,-1
198084,1,0,-1,0,X,X,1,1,0,0,0,-1,X,1,X,X,1,X
198176,-1,-1,1,-1,1,-1,-1,-1,-1,-1,-1,1,1,-1,0,-1,1,1
198183,X,1,1,X,X,1,1,1,1,1,X,X,1,1,X,-1,0,X
198373,1,1,1,-1,1,-1,0,1,1,1,-1,1,1,-1,1,1,-1,1
198490,-1,1,1,0,1,-1,-1,0,-1,-1,0,1,1,0,0,1,1,1
199941,1,1,1,1,1,1,1,1,1,1,1,-1,1,1,1,-1,1,1
200345,X,-1,-1,X,1,-1,-1,1,-1,-1,X,1,1,-1,0,1,1,1
201945,1,1,1,1,X,1,1,1,1,1,1,-1,1,1,1,-1,1,-1
202036,1,1,-1,0,1,1,1,1,1,1,0,-1,1,1,1,1,1,1
202073,1,1,1,1,X,1,1,1,1,1,1,-1,X,1,1,-1,-1,-1
204129,X,X,-1,X,1,-1,1,1,1,1,X,-1,1,1,1,1,1,1
204332,1,-1,-1,1,-1,1,1,1,1,1,1,-1,1,1,X,-1,1,X
204333,1,-1,-1,-1,1,1,1,1,1,1,-1,-1,1,1,1,1,1,1
204336,1,X,X,0,1,X,X,1,-1,-1,0,-1,1,1,1,1,X,1
204346,X,X,0,X,1,-1,X,1,X,X,X,1,1,0,X,1,1,X
204400,X,X,-1,X,1,1,1,X,1,1,X,-1,1,1,1,1,1,1
204413,1,1,1,1,-1,1,1,1,1,1,1,-1,1,1,1,-1,0,-1
204414,-1,-1,-1,-1,1,-1,-1,1,-1,-1,-1,1,1,-1,-1,1,0,1
204418,1,1,1,1,-1,1,X,1,X,X,1,-1,0,X,1,-1,-1,-1
204419,1,X,1,1,-1,X,1,1,1,1,1,-1,0,1,1,X,1,0
204449,1,-1,-1,-1,1,-1,1,1,-1,-1,-1,-1,1,1,1,1,1,1
206158,1,X,1,1,-1,X,1,1,1,1,1,-1,1,1,X,X,1,X
208722,1,1,1,1,-1,1,1,1,1,1,1,-1,1,1,1,-1,0,-1
210480,1,1,1,1,-1,1,1,1,1,1,1,-1,1,1,1,-1,0,-1
213330,0,X,-1,1,1,-1,-1,1,-1,-1,1,1,1,-1,0,1,1,X
214839,0,-1,-1,-1,0,1,1,-1,-1,-1,-1,-1,1,1,X,-1,1,X
218347,X,1,1,1,-1,1,1,1,1,1,1,-1,1,1,1,1,1,-1
219652,X,-1,-1,-1,1,-1,1,1,1,1,-1,-1,1,1,1,1,1,1
220801,1,-1,X,X,-1,1,X,1,X,X,X,-1,1,1,1,-1,X,1
220840,-1,-1,-1,-1,1,0,1,1,-1,-1,-1,1,1,0,0,1,1,1
220871,0,-1,-1,-1,X,-1,1,1,-1,-1,-1,1,X,0,0,1,1,1
220896,1,-1,-1,-1,1,1,1,1,-1,-1,-1,-1,1,1,1,1,1,1
220897,-1,-1,1,-1,1,-1,-1,X,-1,-1,-1,1,1,-1,0,-1,1,1
220908,-1,-1,-1,-1,1,1,1,1,0,0,-1,1,1,1,1,1,1,1
229839,1,1,1,1,-1,1,1,1,1,1,1,-1,1,1,1,-1,1,-1
230085,1,1,1,1,-1,1,1,1,1,1,1,-1,1,1,1,-1,0,-1
233862,1,1,1,1,X,1,1,1,1,1,1,-1,X,1,1,-1,0,-1
236050,X,-1,-1,X,1,-1,-1,X,-1,-1,X,X,1,X,X,1,1,X
236053,1,1,1,1,-1,1,-1,1,1,1,1,-1,-1,1,1,-1,-1,-1
237465,1,1,1,1,-1,1,1,1,1,1,1,-1,1,1,1,-1,0,-1
239260,-1,-1,-1,-1,1,-1,1,1,-1,-1,-1,1,1,0,0,1,1,1
244571,X,1,1,X,X,1,1,1,1,1,X,-1,X,1,1,-1,0,-1
245018,1,X,1,1,-1,1,1,1,1,1,1,-1,1,1,1,-1,-1,-1
245770,1,1,X,1,-1,1,X,1,X,X,1,-1,-1,1,1,-1,X,-1
247735,X,1,1,X,X,1,X,X,X,X,X,-1,X,X,X,-1,0,X
249603,1,1,-1,1,-1,1,1,1,1,1,1,-1,1,1,1,-1,1,1
249982,-1,-1,-1,-1,1,-1,-1,-1,-1,-1,-1,1,1,-1,0,1,-1,1
251324,1,-1,-1,1,1,1,1,1,1,1,1,-1,1,1,1,1,1,1
251874,1,1,-1,1,1,1,1,1,1,1,1,-1,1,1,1,1,1,1
256803,1,1,X,1,-1,1,1,1,1,1,1,-1,1,1,1,-1,1,-1
256804,1,X,-1,1,1,1,1,1,1,1,1,-1,1,1,1,1,1,1
256805,X,1,1,X,-1,1,-1,1,1,1,X,-1,-1,1,1,-1,-1,-1
256806,-1,-1,X,-1,1,-1,-1,-1,-1,-1,-1,1,1,-1,-1,1,X,1
256807,1,1,X,1,0,1,1,1,1,1,1,-1,1,1,1,-1,X,1
256808,X,1,-1,X,1,X,-1,1,0,0,X,1,1,-1,0,1,0,1
256809,1,1,-1,1,1,0,1,1,1,1,1,-1,1,1,1,1,1,1
256810,X,-1,-1,X,1,1,1,1,1,1,X,-1,1,1,1,1,1,1
256811,-1,-1,-1,-1,1,X,1,1,-1,-1,-1,1,1,0,0,X,1,1
256813,X,1,1,X,-1,X,1,1,1,1,X,-1,1,X,1,-1,1,-1
256814,-1,-1,-1,-1,1,0,1,1,1,1,-1,1,1,1,1,1,1,1
256815,1,1,-1,1,-1,1,1,1,1,1,1,-1,1,1,1,-1,1,1
256820,1,X,-1,1,1,1,1,1,1,1,1,-1,1,1,1,1,1,1
256823,1,1,1,1,X,1,0,1,1,1,1,-1,X,X,1,-1,-1,-1
256824,1,1,1,1,-1,1,1,1,1,1,1,-1,1,1,1,-1,0,-1
256829,1,1,1,1,-1,1,1,1,1,1,1,-1,1,1,1,-1,0,-1
256830,1,1,1,1,-1,1,1,1,1,1,1,-1,1,1,1,-1,0,-1
256831,1,-1,-1,-1,1,1,1,1,-1,-1,-1,-1,1,1,1,1,1,1
256833,X,1,1,X,-1,1,1,1,1,1,X,-1,1,1,1,-1,1,-1
256834,-1,-1,1,-1,1,-1,-1,-1,-1,-1,-1,1,1,-1,0,-1,X,1
256839,1,0,-1,-1,0,1,1,1,-1,-1,-1,-1,1,1,1,-1,1,1
256840,1,-1,-1,0,1,1,1,1,1,1,0,-1,1,1,1,1,1,1
256841,1,0,-1,-1,X,1,1,1,-1,-1,-1,-1,X,1,1,-1,1,1
256842,-1,-1,1,-1,1,-1,-1,-1,-1,-1,-1,1,1,-1,0,-1,1,1
256843,-1,-1,-1,-1,1,0,1,1,-1,-1,-1,1,1,0,0,1,1,1
256844,-1,-1,-1,-1,1,0,1,1,-1,-1,-1,1,1,0,0,1,1,1
256845,-1,-1,-1,-1,1,-1,1,-1,-1,-1,-1,1,1,0,-1,1,1,1
256846,1,X,-1,1,1,1,1,1,1,1,1,-1,X,1,1,1,1,1
256847,1,-1,-1,0,1,1,1,1,1,1,0,-1,1,1,1,1,1,1
256850,,-1,-1,,,,,,,,,1,,,,,1,
256851,1,1,1,0,1,-1,0,1,1,1,0,1,-1,X,1,-1,0,1
256852,-1,-1,-1,-1,1,0,1,1,-1,-1,-1,1,1,0,0,1,1,1
256853,X,-1,-1,X,1,0,X,X,X,X,X,1,1,0,0,1,1,1
256854,,,,,,,,,,,,,,,,,,
256855,0,-1,-1,1,1,-1,-1,1,-1,-1,1,1,1,X,0,1,1,X
256857,0,-1,-1,1,1,-1,-1,1,-1,-1,1,1,1,-1,0,1,1,X
256858,-1,1,1,-1,1,-1,-1,1,-1,-1,-1,1,1,-1,0,1,0,-1
256859,0,-1,-1,1,1,-1,-1,1,-1,-1,1,1,1,X,0,1,1,1
256860,0,X,-1,1,1,-1,-1,1,-1,-1,1,1,1,-1,0,1,1,1
256861,X,X,-1,X,1,X,1,1,X,X,X,X,X,X,X,1,1,1
256862,X,1,-1,X,1,X,1,1,X,X,X,X,X,X,X,1,1,1
256863,X,X,-1,X,1,X,1,1,X,X,X,X,X,X,X,1,1,X
256864,X,1,-1,X,1,X,1,1,X,X,X,X,X,X,X,1,1,1
256865,X,X,-1,X,1,X,1,1,X,X,X,X,X,X,X,1,1,1
256866,X,1,-1,X,1,X,1,1,X,X,X,X,X,X,X,X,1,1
256868,X,X,X,X,X,X,1,X,X,X,X,X,X,X,X,X,X,X
256869,X,X,1,X,0,1,1,1,1,1,X,-1,0,X,1,-1,1,1
256870,1,1,1,1,0,1,1,1,1,1,1,-1,0,1,1,-1,1,1
256871,1,-1,-1,0,1,0,1,1,1,1,0,1,1,1,1,1,1,1
256872,0,-1,-1,-1,1,-1,-1,1,-1,-1,-1,1,1,-1,0,1,1,1
256874,0,-1,-1,-1,1,-1,-1,1,-1,-1,-1,1,1,X,0,1,1,1
256875,X,-1,-1,X,1,X,-1,1,-1,-1,X,1,1,-1,0,1,1,1
256876,0,-1,-1,-1,1,-1,-1,1,-1,-1,-1,1,1,X,0,1,1,1
256877,0,-1,-1,-1,1,-1,-1,1,-1,-1,-1,1,1,X,0,1,1,1
256878,0,-1,-1,-1,1,-1,-1,1,-1,-1,-1,1,1,-1,0,1,1,1
256879,X,0,X,X,-1,1,X,X,X,X,X,-1,0,1,X,-1,X,X
256880,1,1,1,1,-1,1,1,1,1,1,1,-1,-1,1,1,-1,0,-1
256881,-1,1,-1,-1,1,-1,-1,1,-1,-1,-1,1,1,-1,0,1,1,1
256882,0,-1,-1,-1,1,0,-1,1,-1,-1,-1,1,1,X,0,1,1,1
256883,X,-1,-1,X,1,-1,-1,1,-1,-1,X,1,1,X,0,1,1,1
256884,-1,X,X,-1,1,-1,0,1,-1,-1,-1,0,1,0,0,1,X,1
256885,X,1,1,X,-1,1,1,X,1,1,X,-1,1,1,1,-1,0,-1
256886,0,-1,-1,-1,1,-1,-1,1,-1,-1,-1,1,1,-1,0,1,1,1
256887,1,1,-1,1,0,1,1,1,1,1,1,-1,1,1,1,1,1,1
256888,0,-1,-1,-1,1,-1,-1,1,-1,-1,-1,1,1,X,0,1,1,1
256889,1,X,-1,1,0,1,1,1,1,1,1,-1,1,1,1,0,1,1
256890,1,1,1,1,-1,1,-1,1,1,1,1,-1,-1,1,1,-1,-1,-1
256891,1,X,-1,-1,1,X,1,1,1,1,-1,X,1,1,1,-1,1,1
256893,0,-1,-1,-1,1,-1,-1,1,-1,-1,-1,1,1,-1,0,1,1,1
256894,,,,,,,,,,,,,,,,,,
256895,0,-1,-1,-1,1,-1,-1,1,-1,-1,-1,1,1,-1,0,1,1,1
256896,0,X,-1,-1,1,-1,-1,1,-1,-1,-1,1,1,-1,0,1,1,1
256897,,,,,,,,,,,,,,,,,,
256898,X,1,1,X,X,1,1,X,1,1,X,-1,X,X,1,-1,-1,-1
256899,1,1,1,1,-1,1,1,1,1,1,1,-1,1,1,1,-1,-1,-1
256900,-1,-1,1,-1,1,-1,1,1,-1,-1,-1,1,1,1,1,1,1,1
256901,1,X,1,1,X,1,1,1,1,1,1,-1,X,1,1,-1,-1,X
256902,X,1,1,X,X,X,1,1,1,1,X,-1,X,X,1,-1,-1,X
256903,1,1,1,1,-1,1,1,1,1,1,1,-1,1,1,1,-1,0,-1
256904,X,1,1,X,-1,X,X,X,X,X,X,-1,1,1,X,X,-1,X
256905,1,1,1,1,X,1,1,1,1,1,1,-1,1,1,1,-1,-1,-1
256906,X,1,1,X,-1,1,1,1,1,1,X,-1,1,1,X,-1,-1,X
256907,X,-1,-1,X,1,-1,1,1,-1,-1,X,1,1,0,0,1,1,1
256908,X,1,1,X,-1,1,1,X,1,1,X,-1,1,X,1,-1,-1,-1
256909,-1,X,-1,-1,1,-1,-1,1,-1,-1,-1,1,1,-1,0,1,1,1
256910,1,1,1,1,-1,1,-1,1,1,1,1,-1,-1,1,1,-1,-1,-1
256911,1,1,X,1,-1,1,-1,1,1,1,1,-1,-1,1,X,-1,X,-1
256912,1,1,X,1,-1,X,-1,1,1,1,1,-1,-1,1,1,X,X,-1
256913,X,1,X,X,-1,1,-1,1,1,1,X,-1,-1,1,1,-1,X,-1
256915,1,1,1,1,-1,1,0,1,1,1,1,-1,-1,X,1,-1,-1,-1
256916,1,1,1,1,0,1,1,1,1,1,1,-1,1,1,1,-1,1,-1
256917,X,1,X,X,X,X,X,X,X,X,X,-1,X,X,X,X,X,X
256918,1,-1,-1,0,1,1,1,1,1,1,0,-1,1,1,1,1,1,1
256919,-1,-1,-1,-1,1,-1,1,1,-1,-1,-1,-1,1,1,1,1,1,1
256920,1,-1,-1,0,1,1,1,1,0,0,0,-1,1,1,1,1,1,1
256921,0,X,-1,-1,1,1,1,1,0,0,-1,-1,1,0,1,1,1,1
256922,-1,X,-1,-1,1,-1,-1,0,-1,-1,-1,X,1,-1,0,1,1,1
256924,X,-1,-1,X,1,-1,X,X,X,X,X,1,1,X,-1,X,0,1
256925,-1,-1,-1,-1,1,-1,-1,0,-1,-1,-1,1,1,-1,0,1,1,1
256926,X,-1,-1,X,-1,1,1,X,-1,-1,X,X,1,1,-1,-1,1,1
256927,,1,1,,,,,,,,,-1,,,,,-1,
256928,-1,-1,-1,-1,1,-1,X,-1,X,X,-1,1,1,-1,0,1,-1,1
256929,-1,-1,-1,-1,1,-1,-1,-1,-1,-1,-1,1,1,-1,0,1,-1,1
256934,1,1,X,1,1,1,1,1,1,1,1,-1,1,1,1,-1,0,1
256935,1,X,1,1,-1,1,1,1,1,1,1,-1,1,1,1,-1,-1,-1
256936,1,1,1,1,1,1,1,1,1,1,1,-1,1,1,1,-1,0,1
256937,1,1,1,X,X,1,1,X,1,1,X,-1,1,1,1,-1,0,-1
256938,1,1,1,1,-1,1,X,1,X,X,1,-1,1,1,1,-1,0,-1
256939,1,1,1,1,1,0,-1,0,1,1,1,X,-1,1,1,-1,-1,0
256941,-1,-1,-1,-1,1,-1,-1,-1,-1,-1,-1,1,1,-1,0,1,-1,1
256942,-1,-1,-1,-1,1,-1,-1,-1,-1,-1,-1,1,1,X,0,1,-1,1
256943,X,1,-1,X,1,1,1,1,1,1,X,X,1,1,1,1,1,1
256944,-1,-1,-1,1,1,-1,-1,-1,-1,-1,1,1,1,-1,0,1,-1,1
256945,-1,X,-1,-1,1,-1,-1,-1,-1,-1,-1,1,1,-1,0,1,-1,1
256946,X,-1,-1,X,1,1,0,X,-1,-1,X,-1,1,1,-1,1,1,1
256947,1,1,-1,1,1,1,1,1,1,1,1,-1,1,1,1,1,1,1
256948,-1,-1,-1,-1,1,-1,-1,-1,-1,-1,-1,1,1,-1,0,1,-1,1
256949,-1,-1,-1,-1,1,-1,-1,-1,-1,-1,-1,1,1,-1,0,X,-1,1
256950,1,1,-1,1,1,1,1,1,1,1,1,-1,1,1,1,1,1,1
256951,-1,-1,-1,-1,1,X,-1,-1,-1,-1,-1,1,1,X,0,X,-1,1
256952,1,1,1,1,-1,1,0,1,1,1,1,-1,0,1,1,-1,1,-1
256954,X,X,-1,X,1,-1,-1,0,-1,-1,X,1,1,-1,X,1,1,1
256955,1,1,1,-1,-1,1,-1,1,1,1,-1,-1,-1,1,0,-1,-1,-1
256956,-1,X,X,0,X,-1,-1,0,-1,-1,0,1,X,0,0,1,X,1
256957,-1,X,-1,-1,1,-1,X,-1,X,X,-1,1,1,-1,0,1,-1,1
256959,-1,X,-1,-1,X,-1,-1,-1,-1,-1,-1,1,1,-1,0,1,-1,X
256960,1,1,1,1,X,1,1,1,1,1,1,X,X,1,X,0,1,-1
256961,1,1,1,1,-1,1,-1,1,1,1,1,-1,-1,1,1,-1,-1,-1
256962,-1,-1,-1,-1,1,-1,X,-1,X,X,-1,X,1,1,-1,1,1,1
256964,1,1,1,1,-1,1,1,1,1,1,1,X,1,1,X,-1,1,-1
256965,1,1,1,1,-1,1,1,1,1,1,1,-1,1,1,1,-1,1,-1
256966,X,1,1,X,1,0,X,1,X,X,X,0,-1,1,1,-1,-1,0
256967,1,1,1,1,1,0,-1,1,1,1,1,0,-1,1,1,-1,-1,0
256968,1,1,-1,1,1,1,1,1,1,1,1,-1,1,1,1,1,1,1
256969,1,1,1,1,X,-1,0,1,-1,-1,1,X,X,0,1,1,-1,1
256970,1,0,-1,1,-1,1,1,1,1,1,1,-1,1,1,1,-1,1,-1
256971,X,1,0,X,-1,1,1,1,1,1,X,-1,1,1,1,-1,1,1
256973,1,-1,-1,1,1,1,1,1,1,1,1,X,1,1,1,1,1,1
256974,X,-1,-1,X,1,-1,1,X,1,1,X,-1,1,1,1,1,1,1
256976,1,0,-1,1,X,1,1,1,1,1,1,-1,1,1,1,X,1,-1
256977,0,-1,-1,-1,1,-1,1,1,1,1,-1,-1,1,1,X,1,1,1
256978,1,1,1,1,-1,1,1,1,1,1,1,-1,1,1,1,-1,1,-1
256979,1,-1,-1,1,1,-1,1,1,X,X,1,-1,1,1,1,1,1,1
256980,1,-1,-1,1,1,1,1,1,1,1,1,-1,1,X,1,1,1,1
256981,-1,X,-1,-1,1,-1,-1,-1,-1,-1,-1,1,1,-1,-1,1,1,1
256983,0,1,-1,0,1,-1,1,1,-1,-1,0,0,1,1,-1,1,1,1
256985,1,1,-1,1,1,1,1,1,1,1,1,-1,1,1,1,1,1,1
256986,-1,-1,-1,-1,1,-1,-1,1,X,X,-1,1,1,0,0,1,1,1
256987,1,0,1,1,-1,1,1,1,1,1,1,-1,1,1,1,-1,1,-1
256989,1,-1,-1,X,0,1,1,1,1,1,X,0,1,1,1,1,1,1
256990,1,1,1,1,X,1,1,1,1,1,1,-1,1,1,1,-1,1,-1
256991,,-1,X,,,,,,,,,1,,,,,X,
256992,1,1,1,1,-1,1,1,1,1,1,1,-1,1,1,1,-1,0,-1
256993,X,1,1,X,-1,X,1,X,1,1,X,-1,1,1,1,-1,0,-1
256994,1,1,1,1,-1,1,1,1,1,1,1,-1,X,1,1,-1,0,-1
256995,1,1,1,1,-1,1,1,1,1,1,1,-1,1,1,1,-1,1,-1
256996,-1,-1,-1,-1,1,-1,1,-1,-1,-1,-1,1,1,X,-1,1,1,1
256997,1,1,1,1,-1,X,1,1,1,1,1,-1,1,1,1,X,0,-1
256998,-1,-1,-1,-1,1,-1,-1,-1,-1,-1,-1,1,1,-1,X,1,1,X
256999,1,1,1,1,-1,1,1,1,1,1,1,-1,1,1,1,-1,0,-1
257000,-1,-1,-1,-1,1,-1,X,1,X,X,-1,1,1,X,0,1,1,1
257001,1,1,1,-1,-1,1,1,1,1,1,-1,-1,1,1,1,-1,0,-1
257002,1,X,1,1,-1,X,1,1,1,1,1,-1,1,X,1,-1,0,-1
257003,0,-1,-1,-1,1,0,1,1,-1,-1,-1,-1,1,1,0,-1,1,1
257007,X,1,0,X,1,-1,0,1,1,1,X,1,1,-1,1,1,-1,0
257009,1,1,X,1,-1,X,X,1,X,X,1,-1,-1,1,X,X,X,X
257010,1,1,X,1,0,1,1,1,1,1,1,-1,1,1,1,-1,X,1
257011,1,1,-1,1,0,1,1,1,1,1,1,-1,1,1,1,-1,1,1
257012,1,1,1,1,X,1,-1,1,1,1,1,-1,X,1,1,-1,-1,-1
257013,X,1,-1,X,X,1,X,X,X,X,X,-1,X,X,1,-1,1,1
257014,1,1,-1,1,X,1,1,1,1,1,1,-1,X,X,1,-1,1,X
257015,1,1,1,1,-1,1,1,1,1,1,1,-1,1,1,X,-1,1,X
257016,1,1,1,1,-1,1,1,1,1,1,1,-1,-1,1,X,-1,1,X
257018,1,1,1,X,1,X,-1,1,1,1,X,X,-1,0,1,X,-1,-1
257019,-1,X,-1,-1,1,-1,X,-1,X,X,-1,1,1,X,0,1,-1,1
257020,1,X,-1,1,0,1,X,1,1,1,1,-1,1,1,1,-1,1,1
257021,-1,X,-1,-1,1,-1,1,1,-1,-1,-1,1,1,0,0,1,1,1
257022,-1,X,-1,-1,1,X,1,1,-1,-1,-1,1,1,0,0,1,1,1
257023,1,X,1,1,-1,1,-1,1,1,1,1,-1,-1,1,1,-1,1,-1
257024,-1,-1,-1,-1,1,-1,-1,X,-1,-1,-1,1,1,-1,-1,1,0,1
257025,-1,-1,1,-1,1,-1,-1,-1,-1,-1,-1,1,1,-1,X,1,0,1
257026,1,-1,-1,1,1,1,1,1,1,1,1,-1,1,1,1,1,1,1
257027,1,-1,-1,-1,1,1,1,1,1,1,-1,X,1,1,1,1,1,1
257028,-1,-1,-1,-1,1,0,1,1,-1,-1,-1,0,1,1,X,1,1,1
257029,-1,X,-1,-1,1,-1,-1,1,-1,-1,-1,X,1,X,X,1,0,X
257030,1,-1,-1,-1,1,1,1,1,1,1,-1,-1,1,1,1,1,1,1
257031,1,-1,-1,1,1,1,1,1,1,1,1,-1,1,1,1,1,1,1
257032,1,-1,-1,1,1,1,1,1,1,1,1,-1,1,1,1,1,1,1
257033,0,-1,-1,-1,1,1,1,1,X,X,-1,-1,1,1,X,1,1,1
257034,1,X,-1,-1,1,X,1,1,1,1,-1,-1,1,1,1,1,1,1
257035,X,X,X,X,X,X,X,X,X,X,X,-1,X,X,X,X,X,X
257037,1,0,-1,1,0,1,1,1,1,1,1,-1,1,1,1,0,1,1
257038,1,-1,X,1,-1,1,X,1,1,1,1,-1,1,1,1,-1,X,0
257039,0,-1,-1,-1,1,1,1,1,1,1,-1,-1,1,1,1,1,1,1
257040,1,-1,-1,-1,1,1,1,1,1,1,-1,-1,1,1,1,1,1,1
257041,1,-1,-1,1,1,1,1,1,1,1,1,-1,1,X,1,1,1,1
257042,,,,,,,,,,,,,,,,,,
257043,1,X,-1,-1,1,1,1,1,1,1,-1,-1,1,1,1,1,1,1
257044,1,1,1,1,-1,1,1,1,1,1,1,-1,1,1,1,-1,1,-1
257045,1,-1,X,1,1,1,1,1,1,1,1,-1,1,1,1,1,X,1
257046,1,-1,-1,1,1,1,1,1,1,1,1,-1,1,1,1,1,1,1
257047,1,-1,-1,1,X,1,1,1,1,1,1,-1,X,1,1,1,1,1
257048,X,1,X,X,1,1,X,1,X,X,X,-1,1,1,1,1,X,1
257049,1,-1,-1,-1,1,1,1,1,1,1,-1,-1,1,1,1,1,1,1
257050,X,-1,-1,X,1,-1,X,X,X,X,X,1,1,-1,0,1,1,1
257051,1,-1,-1,1,1,1,1,1,1,1,1,-1,1,1,1,1,1,1
257052,-1,1,0,-1,1,-1,1,1,-1,-1,-1,1,1,0,0,1,1,1
257053,1,1,X,1,-1,1,1,1,1,1,1,-1,1,1,1,-1,X,-1
257054,-1,-1,-1,-1,1,-1,-1,1,-1,-1,-1,1,1,-1,0,1,1,1
257055,X,1,0,X,1,-1,X,X,X,X,X,1,1,0,0,1,1,1
257056,-1,1,0,-1,1,-1,1,1,-1,-1,-1,1,1,0,0,1,1,1
257057,0,-1,-1,0,0,X,X,1,X,X,0,-1,1,1,X,X,1,X
257058,-1,X,0,-1,X,-1,1,1,-1,-1,-1,1,X,0,X,1,1,X
257059,1,X,1,1,X,1,1,1,1,1,1,-1,1,1,1,-1,0,-1
257060,-1,1,0,-1,1,-1,1,1,-1,-1,-1,1,1,0,-1,1,1,1
257061,0,-1,1,-1,X,0,1,1,-1,-1,-1,-1,1,1,0,-1,1,1
257062,-1,-1,X,-1,1,X,-1,-1,-1,-1,-1,1,0,-1,X,X,X,X
257063,1,1,1,1,-1,X,-1,1,1,1,1,-1,-1,1,X,X,-1,X
257064,-1,-1,-1,-1,1,-1,-1,1,-1,-1,-1,X,1,-1,0,1,1,1
257065,1,1,-1,1,1,1,1,1,1,1,1,-1,1,1,1,1,1,1
257066,X,1,1,X,X,1,1,1,1,1,X,-1,1,1,1,-1,0,-1
257068,1,1,X,1,1,1,1,1,1,1,1,-1,1,1,1,1,X,1
257069,-1,-1,-1,-1,1,-1,-1,-1,-1,-1,-1,X,1,-1,-1,1,1,1
257070,-1,-1,-1,-1,1,-1,-1,-1,-1,-1,-1,X,0,-1,-1,1,1,1
257071,1,1,1,1,-1,1,1,1,1,1,1,-1,1,1,1,-1,0,-1
257072,-1,-1,-1,-1,1,X,-1,1,-1,-1,-1,1,1,-1,0,X,1,1
257073,-1,X,0,-1,1,-1,1,1,-1,-1,-1,1,1,X,0,X,1,1
257075,X,1,1,X,-1,1,1,X,1,1,X,-1,1,1,1,-1,0,-1
257076,X,-1,0,X,1,-1,1,1,-1,-1,X,1,1,0,X,1,1,X
257077,-1,1,0,-1,1,-1,1,1,-1,-1,-1,1,1,0,1,1,1,1
257078,1,1,-1,1,1,1,1,1,1,1,1,-1,1,1,1,1,1,1
257079,1,1,1,1,-1,1,1,1,1,1,1,-1,1,1,1,-1,0,-1
257080,X,1,0,-1,1,-1,1,1,-1,-1,-1,1,1,0,-1,1,1,X
257081,1,1,-1,1,1,1,1,1,1,1,1,-1,1,1,1,1,1,1
257082,1,X,X,1,1,1,1,1,1,1,1,-1,1,1,1,1,X,1
257083,1,1,X,X,X,0,-1,1,1,1,X,-1,X,0,1,-1,X,-1
257084,1,1,1,1,-1,1,1,1,1,1,1,-1,1,1,1,-1,0,-1
257085,1,1,1,1,-1,1,1,1,1,1,1,-1,1,1,1,-1,0,-1
257086,-1,1,0,-1,1,-1,1,1,-1,-1,-1,1,1,0,0,1,1,1
257087,1,1,X,1,0,1,1,1,1,1,1,-1,1,1,1,-1,X,-1
257088,1,1,1,1,0,1,X,1,X,X,1,-1,1,1,1,-1,0,-1
257089,-1,-1,-1,-1,1,-1,1,-1,-1,-1,-1,0,1,X,-1,1,1,1
257090,-1,-1,1,-1,1,-1,-1,-1,-1,-1,-1,1,1,-1,-1,1,0,1
257091,-1,-1,1,-1,1,-1,-1,-1,-1,-1,-1,1,1,-1,-1,1,0,1
257092,1,1,1,1,-1,X,-1,1,1,1,1,-1,-1,1,1,-1,-1,-1
257093,-1,-1,X,-1,1,-1,1,1,-1,-1,-1,X,1,0,0,1,X,1
257094,-1,-1,X,-1,1,-1,1,1,-1,-1,-1,1,1,0,0,1,1,1
257095,X,-1,-1,X,1,-1,1,X,-1,-1,X,1,1,X,0,1,1,-1
257096,X,X,X,X,1,-1,1,1,-1,-1,X,1,1,0,0,1,X,1
257097,X,-1,-1,X,1,X,1,1,-1,-1,X,1,1,0,0,X,1,1
257098,1,X,1,1,X,X,1,1,1,1,1,-1,X,1,1,-1,0,1
257099,-1,-1,-1,-1,1,-1,1,1,-1,-1,-1,1,1,0,0,X,1,1
257100,X,X,1,X,X,X,1,1,1,1,X,-1,1,1,1,-1,0,X
257101,1,1,1,1,-1,1,1,1,1,1,1,-1,0,1,1,-1,0,-1
257102,1,X,1,1,X,1,1,1,1,1,1,-1,X,1,1,-1,0,-1
257103,1,1,1,1,X,1,1,1,1,1,1,-1,1,X,1,-1,0,1
257104,-1,-1,X,-1,1,X,1,1,-1,-1,-1,1,1,0,0,1,X,1
257105,,,,,,,,,,,,,,,,,,
257106,1,1,X,1,-1,1,1,1,1,1,1,1,1,1,1,-1,X,-1
257107,1,1,-1,1,1,1,1,1,1,1,1,-1,1,1,1,1,1,1
257108,1,1,1,1,-1,1,1,1,1,1,1,-1,1,X,1,-1,0,-1
257109,X,-1,-1,X,1,-1,1,X,-1,-1,X,1,1,0,0,1,1,1
257110,1,0,-1,1,0,1,1,1,1,1,1,-1,1,1,1,-1,1,1
257111,X,1,1,X,X,1,1,1,1,1,X,-1,X,1,1,-1,0,-1
257112,1,X,-1,1,X,1,1,1,X,X,1,-1,1,X,1,-1,1,1
257113,X,X,-1,X,1,-1,1,1,-1,-1,X,1,1,0,0,1,1,1
257114,-1,-1,-1,-1,1,-1,1,1,0,0,-1,1,1,0,0,1,1,1
257115,X,X,-1,X,X,-1,X,1,X,X,X,1,1,0,1,1,1,1
257116,-1,-1,1,-1,1,-1,0,1,1,1,-1,1,1,0,1,1,1,1
257117,-1,-1,X,-1,1,-1,X,1,X,X,-1,1,1,0,1,1,X,1
257118,-1,0,-1,1,1,-1,1,1,0,0,1,1,1,X,X,1,0,X
257119,X,-1,-1,X,1,-1,1,X,1,1,X,1,1,0,0,1,1,1
257120,0,X,-1,-1,1,-1,X,-1,X,X,-1,1,1,X,X,0,-1,0
257121,X,1,1,X,X,1,1,1,1,1,X,-1,1,1,1,-1,0,-1
257122,,1,X,,,X,X,,X,X,,-1,,,1,X,X,-1
257123,1,1,1,1,-1,1,1,1,1,1,1,-1,-1,1,1,-1,0,-1
257124,1,1,1,1,-1,1,1,1,1,1,1,-1,1,X,1,-1,0,-1
257125,-1,-1,0,-1,1,-1,0,1,-1,-1,-1,1,1,-1,0,1,0,1
257126,1,1,1,1,-1,1,-1,X,1,1,1,-1,1,1,1,-1,-1,-1
257127,1,1,1,1,-1,1,-1,1,1,1,1,-1,-1,1,1,-1,-1,-1
257128,1,-1,-1,1,1,1,1,1,1,1,1,-1,1,1,1,1,1,1
257129,1,X,X,1,X,X,X,-1,X,X,1,-1,X,1,X,X,X,X
257130,1,X,1,1,-1,1,1,1,1,1,1,-1,0,1,1,-1,-1,-1
257131,-1,-1,0,-1,1,-1,0,1,-1,-1,-1,1,1,-1,0,1,0,1
257132,1,1,1,1,X,1,1,1,1,1,1,-1,X,X,1,-1,1,-1
257133,1,1,X,1,-1,1,-1,1,1,1,1,-1,1,1,1,-1,X,-1
257135,1,1,1,1,-1,1,-1,1,X,X,1,-1,1,1,1,-1,-1,-1
257137,1,-1,-1,0,X,1,1,1,1,1,0,-1,X,1,1,1,1,1
257138,X,1,1,X,-1,1,-1,1,1,1,X,X,1,1,1,-1,-1,-1
257139,1,1,X,1,-1,1,1,1,1,1,1,-1,0,1,1,-1,X,-1
257140,1,1,1,1,-1,1,-1,1,1,1,1,-1,1,1,1,-1,-1,-1
257143,-1,-1,-1,-1,1,-1,1,1,-1,-1,-1,1,1,0,0,1,1,1
257144,-1,-1,-1,-1,1,-1,1,1,-1,-1,-1,1,1,0,0,1,1,1
257145,-1,-1,-1,-1,1,-1,1,1,-1,-1,-1,1,1,0,0,1,1,1
257147,X,X,-1,X,1,-1,1,1,-1,-1,X,1,1,0,0,1,1,1
257148,1,1,1,1,-1,X,1,1,1,1,1,-1,1,1,1,-1,1,-1
257149,-1,-1,-1,-1,1,-1,1,1,-1,-1,-1,1,1,0,0,1,1,1
257150,-1,-1,-1,-1,1,X,1,1,-1,-1,-1,1,1,0,0,1,1,1
257151,X,X,X,X,1,1,1,1,1,1,X,-1,1,1,1,1,X,1
257155,1,1,1,1,-1,1,-1,1,1,1,1,-1,1,1,1,-1,-1,-1
257160,X,1,X,X,-1,1,1,X,1,1,X,-1,1,X,1,-1,X,-1
257163,-1,-1,-1,-1,1,-1,1,1,-1,-1,-1,1,1,0,0,1,1,1
257169,1,1,X,1,-1,1,1,1,1,1,1,-1,1,1,1,-1,X,-1
257170,1,X,1,1,-1,1,1,1,1,1,1,-1,1,X,1,-1,0,-1
257237,1,-1,X,1,X,X,1,1,1,1,1,-1,X,1,1,1,X,1
257238,1,1,1,1,X,X,1,1,1,1,1,-1,X,X,X,X,0,X
257255,-1,-1,-1,-1,1,-1,X,-1,-1,-1,-1,1,1,-1,X,1,-1,X
257256,X,0,1,X,1,1,1,1,1,1,X,X,1,X,1,1,1,1
257257,1,0,-1,1,-1,1,1,1,1,1,1,-1,1,1,1,-1,1,1
257258,-1,-1,-1,-1,1,-1,1,1,-1,-1,-1,1,1,0,0,1,1,1
257259,1,X,-1,0,-1,1,1,1,1,1,0,-1,1,1,1,-1,1,1
257260,0,1,-1,0,1,-1,-1,-1,0,0,0,1,1,-1,X,1,-1,X
257261,X,X,-1,X,X,0,1,1,0,0,X,-1,X,1,1,1,1,1
257262,-1,-1,-1,-1,1,X,-1,-1,-1,-1,-1,1,1,-1,0,X,-1,1
257296,1,-1,-1,1,1,1,1,1,1,1,1,-1,1,1,1,1,1,1
257297,1,X,-1,1,1,1,1,1,1,1,1,-1,1,1,X,-1,1,X
257298,X,X,-1,X,X,1,1,1,1,1,X,-1,X,1,1,-1,1,1
257299,1,1,1,1,-1,1,-1,1,X,X,1,-1,-1,1,1,-1,1,-1
257300,X,1,1,X,X,1,1,X,1,1,X,-1,1,1,1,-1,1,1
257301,1,-1,-1,1,-1,1,1,1,1,1,1,-1,1,1,1,-1,1,1
257437,X,1,1,X,X,1,1,X,1,1,X,-1,X,1,1,-1,1,-1
257438,0,-1,X,-1,1,X,1,1,-1,-1,-1,-1,1,1,0,X,X,1
257457,-1,1,1,1,1,-1,-1,-1,-1,-1,1,1,1,-1,0,1,-1,1
257727,1,1,1,1,-1,1,1,1,1,1,1,-1,1,1,1,-1,0,-1
260035,1,1,1,1,-1,1,1,1,1,1,1,-1,1,1,1,-1,0,-1
260724,0,-1,-1,1,1,-1,-1,1,-1,-1,1,1,1,-1,0,1,1,X
261038,-1,-1,-1,-1,1,0,1,1,-1,-1,-1,1,1,0,0,1,1,1
261796,0,X,-1,-1,1,-1,-1,1,-1,-1,-1,1,1,X,0,1,1,1
261797,0,-1,-1,-1,1,-1,-1,1,-1,-1,-1,1,1,-1,0,1,1,1
262021,X,-1,X,X,X,1,1,X,1,1,X,-1,X,X,1,1,X,1
267485,-1,,-1,-1,1,-1,-1,1,-1,-1,-1,,1,-1,1,1,-1,1
270261,-1,,-1,-1,1,0,1,1,-1,-1,-1,,1,X,0,1,1,1
270719,1,,,1,-1,1,-1,1,1,1,1,,-1,1,1,-1,,-1
272024,-1,,,-1,1,0,1,1,-1,-1,-1,,1,-1,0,1,,1
275087,X,,,X,-1,,,X,,,X,,1,1,,,,
276060,,,,,1,,,,,,,,1,1,,,,
